agent,family_mean_final_regret,n_problems
co_CO_full,67.10166666666701,3
co_CO_full_max,49.501666666667084,3
co_CO_mid,65.11833333333279,3
co_CO_router,25.99000000000073,3
kl_ucb,26.490000000000023,3
ts,13.093333333333305,3
ucb1,41.81500000000017,3
