agent,family_mean_steps,n_envs
astar_s7,10.666666666666666,3
bfs_s7,10.666666666666666,3
